{
  "mean_psnr": 10.226368758215743,
  "std_psnr": 0.4275854968961747,
  "min_psnr": 9.568593026086278,
  "max_psnr": 10.906692377860349,
  "mean_ssim": 0.20890083645245242,
  "std_ssim": 0.02825104554168312,
  "min_ssim": 0.1686974726082917,
  "max_ssim": 0.2558071098377844,
  "mean_lpips": 0.7416899005572001,
  "std_lpips": 0.03313626145215003,
  "min_lpips": 0.6805561780929565,
  "max_lpips": 0.7846216559410095,
  "mean_mse": 6202.279097572213,
  "std_mse": 612.1181128699634,
  "min_mse": 5277.291977088291,
  "max_mse": 7181.597454805997,
  "mean_mae": 63.37316666172122,
  "std_mae": 3.4184799098696166,
  "min_mae": 56.073540179388615,
  "max_mae": 70.62518762872203,
  "num_images": 12
}